<?xml version="1.0" encoding="UTF-8" standalone="yes"?>
<addon id="script.service.afterwatch" name="After Watch" version="1.0.0" provider-name="jvandenbroek">
	<requires>
		<import addon="xbmc.python" version="2.1.0"/>
	</requires>
	<extension point="xbmc.service" library="service.py" start="login" />
	<extension point="xbmc.python.script" library="script.py">
		<provides>executable</provides>
	</extension>
	<extension point="xbmc.addon.metadata">
		<summary>Move or delete after watching</summary>
		<description>After watching a movie or episode:
- Move or delete
- Rate on library

The alternate file management method is used to be compatible with SMB and NFS shares. When using only local (mounted) paths,
it's recommended not to activate this method (moving files will be much faster).

Credits to Pedro Pinto (r.pynto@gmail.com) for the original add-on where most of the code in this version is based on!
</description>
		<platform>all</platform>
		<email>jvandenbroek@gmail.com</email>
	</extension>
</addon>
