<addon id="repository.jvandenbroek" name="Jvandenbroek's Kodi Addons" version="1.0.1" provider-name="jvandenbroek">
	<extension point="xbmc.addon.repository" name="Jvandenbroek's Kodi Addon Repository">
		<info compressed="false">https://raw.githubusercontent.com/jvandenbroek/jvandenbroek-kodi-repo/master/addons.xml</info>
		<checksum>https://raw.githubusercontent.com/jvandenbroek/jvandenbroek-kodi-repo/master/addons.xml.md5</checksum>
		<datadir zip="true">https://raw.githubusercontent.com/jvandenbroek/jvandenbroek-kodi-repo/master/</datadir>
	</extension>
	<extension point="xbmc.addon.metadata">
		<summary>Jvandenbroek's Addon Repository</summary>
		<description>Download and install jvandenbroek's addon repository, contains updated After Watch add-on.</description>
		<disclaimer></disclaimer>
		<platform>all</platform>
	</extension>
</addon>
